author,comment_count,rank,rank_norm
JediJones77,3438,1.0,1.0
D_Ethan_Bones,1249,2.0,0.9999570723331187
social_dinosaur,949,3.0,0.9999141446662374
sowellpatrol,930,4.0,0.9998712169993561
Arachnohybrid,871,5.0,0.9998282893324748
lawlygagger,855,6.0,0.9997853616655935
HuntForRedOctober2,807,7.0,0.9997424339987122
day25,781,8.0,0.9996995063318309
hey_ringworm,723,9.0,0.9996565786649496
skarface6,723,9.0,0.9996565786649496
FourtyMichaelMichael,716,11.0,0.9995707233311869
GeorgeWashingfun,659,12.0,0.9995277956643056
ITrCool,635,13.0,0.9994848679974243
Lifeisagreatteacher,536,15.0,0.9993990126636617
Freedom_Isnt_Free_76,522,16.0,0.9993560849967804
Cronah1969,514,17.0,0.9993131573298991
Any-Air1439,507,18.0,0.9992702296630178
Shadeylark,502,19.0,0.9992273019961365
cliffotn,492,20.0,0.9991843743292552
Crisgocentipede,481,21.0,0.9991414466623739
Whole-Essay640,480,22.0,0.9990985189954926
thegreatinverso9,472,23.0,0.9990555913286113
bw2082,467,24.0,0.99901266366173
PaddyMayonaise,450,25.0,0.9989697359948487
vegatx40,449,26.0,0.9989268083279674
the_house_from_up,447,27.0,0.998883880661086
Imissyourgirlfriend2,442,29.0,0.9987980253273234
AIDS_Quilt_69,424,30.0,0.9987550976604421
Palmolive00,422,31.0,0.9987121699935608
Right_Archivist,414,32.0,0.9986692423266795
Odd-Contribution6238,414,32.0,0.9986692423266795
Specialist-Age1097,409,34.0,0.9985833869929169
ancienteggfart,388,35.0,0.9985404593260356
thatrightwinger,386,36.0,0.9984975316591543
____IIIII___ll__I,386,36.0,0.9984975316591543
Blahblahnownow,379,39.0,0.9983687486585104
Ser_Tinnley,379,39.0,0.9983687486585104
Tough_guy22,377,41.0,0.9982828933247478
NinjaAncient4010,371,44.0,0.9981541103241038
Black_XistenZ,371,44.0,0.9981541103241038
Ineeboopiks,369,46.0,0.9980682549903412
Summerie,355,50.0,0.997896544322816
Pinot_Greasio,355,50.0,0.997896544322816
777_heavy,355,50.0,0.997896544322816
Hank_Scorpio_ObGyn,354,53.0,0.9977677613221722
ngoni,342,56.0,0.9976389783215283
chances906,332,59.0,0.9975101953208844
acreekofsoap,321,62.0,0.9973814123202404
TheYoungLung,313,65.0,0.9972526293195965
salsa_rodeo,312,67.0,0.9971667739858339
Ughleigh,310,68.0,0.9971238463189526
Nanteen1028,310,68.0,0.9971238463189526
142Ironmanagain,309,70.0,0.99703799098519
ConsciousKiwi9,309,70.0,0.99703799098519
DreadPirateGriswold,305,72.0,0.9969521356514274
chillthrowaways,301,74.0,0.9968662803176648
Panzershrekt,301,74.0,0.9968662803176648
Best-Dragonfruit-292,291,80.0,0.9966087143163769
Entilen,280,88.0,0.9962652929813265
nein_nubb77,278,89.0,0.9962223653144452
WorkingThroughIt7989,276,90.0,0.9961794376475639
Content_Structure118,260,97.0,0.9958789439793947
plastimanb,248,105.0,0.9955355226443443
JerseyKeebs,244,107.0,0.9954496673105817
deciduousredcoat,243,108.0,0.9954067396437004
Choppermagic2,241,111.0,0.9952779566430564
curlbaumann,238,116.0,0.9950633183086499
Woolfmann,237,117.0,0.9950203906417686
AIEngineer1984,236,119.0,0.994934535308006
Merax75,234,122.0,0.9948057523073621
Lepew1,225,128.0,0.9945481863060742
SpaceBownd,219,133.0,0.9943335479716677
AnonPlzzzzzz,206,146.0,0.9937754883022107
Rush2201,203,149.0,0.9936467053015668
sdevil713,202,150.0,0.9936037776346855
snestalgia64,200,151.0,0.9935608499678042
H3nchman_24,184,166.0,0.9929169349645847
Enchylada,166,197.0,0.9915861772912642
polerize,144,242.0,0.9896544322816055
fredemu,137,261.0,0.9888388066108607
BlackTrigger77,127,298.0,0.9872504829362524
GimmeeSomeMo,126,303.0,0.9870358446018459
Hour_Insurance_7795,120,321.0,0.9862631465979824
